index,goal_position,current_pos,current_angles,current_distance,next_pos,change_to_next,next_angles,next_distance,next_utility,utility_of_changes
0.0,"[-0.04661674735319048, -0.04647965836822902, 0.31825760405829945]","[-0.07740893889104834, -0.03287662188146385, 0.3128150172418582]","[0.38528922891239636, 0.05941587978759122, -3.601563491884008e-13]",,"[-0.07542192716430919, -0.03167173204246914, 0.3139374278354031]","-1.0° on alpha, -1.0° on beta","[0.37494932375095225, 0.05121590037208401, -2.5224267119483557e-13]",0.03267532690910517,0.2817435,"{'+1.0° on alpha': 0.1275336, '-1.0° on alpha': 0.24146745, '+1.0° on beta': 0.17949782, '-1.0° on beta': 0.18901086, '+1.0° on alpha, +1.0° on beta': 0.12411274, '-1.0° on alpha, -1.0° on beta': 0.2817435, '+1.0° on alpha, -1.0° on beta': 0.13179784, '-1.0° on alpha, +1.0° on beta': 0.23671079}"
0.1,"[-0.04661674735319048, -0.04647965836822902, 0.31825760405829945]","[-0.07542192716430919, -0.03167173204246914, 0.3139374278354031]","[0.37494932375095225, 0.05121590037208401, -2.5224267119483557e-13]",0.03267532690910517,"[-0.07327390834831059, -0.03232825430948997, 0.3145544121434677]","-1.0° on alpha, +1.0° on beta","[0.3645592474408432, 0.05998094194771131, -3.2729374765949615e-13]",0.030406908746393877,0.42814416,"{'+1.0° on alpha': 0.19559437, '-1.0° on alpha': 0.24701098, '+1.0° on beta': 0.28945157, '-1.0° on beta': 0.20375955, '+1.0° on alpha, +1.0° on beta': 0.18946403, '-1.0° on alpha, -1.0° on beta': 0.25426605, '+1.0° on alpha, -1.0° on beta': 0.24042848, '-1.0° on alpha, +1.0° on beta': 0.42814416}"
0.2,"[-0.04661674735319048, -0.04647965836822902, 0.31825760405829945]","[-0.07327390834831059, -0.03232825430948997, 0.3145544121434677]","[0.3645592474408432, 0.05998094194771131, -3.2729374765949615e-13]",0.030406908746393877,"[-0.07112394540246736, -0.03407139730545451, 0.31491196895776247]","-1.0° on alpha, +1.0° on beta","[0.35411913291528485, 0.07144603773810365, -3.432809592140984e-13]",0.027672386471975844,0.5196611,"{'+1.0° on alpha': 0.28711167, '-1.0° on alpha': 0.2867558, '+1.0° on beta': 0.3809696, '-1.0° on beta': 0.24350491, '+1.0° on alpha, +1.0° on beta': 0.24227718, '-1.0° on alpha, -1.0° on beta': 0.29401106, '+1.0° on alpha, -1.0° on beta': 0.33194616, '-1.0° on alpha, +1.0° on beta': 0.5196611}"
0.3,"[-0.04661674735319048, -0.04647965836822902, 0.31825760405829945]","[-0.07112394540246736, -0.03407139730545451, 0.31491196895776247]","[0.35411913291528485, 0.07144603773810365, -3.432809592140984e-13]",0.027672386471975844,"[-0.06909435853776878, -0.03421917944195683, 0.31562105847426963]",-1.0° on alpha,"[0.3436290908020738, 0.07258916841902519, -3.397282455352979e-13]",0.025739341885201945,0.5668219,"{'+1.0° on alpha': 0.2894377, '-1.0° on alpha': 0.5668219, '+1.0° on beta': 0.38329494, '-1.0° on beta': 0.47296456, '+1.0° on alpha, +1.0° on beta': 0.2689685, '-1.0° on alpha, -1.0° on beta': 0.44696248, '+1.0° on alpha, -1.0° on beta': 0.33427194, '-1.0° on alpha, +1.0° on beta': 0.52198726}"
0.4,"[-0.04661674735319048, -0.04647965836822902, 0.31825760405829945]","[-0.06909435853776878, -0.03421917944195683, 0.31562105847426963]","[0.3436290908020738, 0.07258916841902519, -3.397282455352979e-13]",0.025739341885201945,"[-0.06695401242588961, -0.03528053476201515, 0.3160505949792944]","-1.0° on alpha, +1.0° on beta","[0.3330892378257242, 0.08263354927085187, -3.4505731605349865e-13]",0.023321569613971,0.6759846,"{'+1.0° on alpha': 0.44343475, '-1.0° on alpha': 0.35833392, '+1.0° on beta': 0.53729224, '-1.0° on beta': 0.3150829, '+1.0° on alpha, +1.0° on beta': 0.39860007, '-1.0° on alpha, -1.0° on beta': 0.3458203, '+1.0° on alpha, -1.0° on beta': 0.48826918, '-1.0° on alpha, +1.0° on beta': 0.6759846}"
0.5,"[-0.04661674735319048, -0.04647965836822902, 0.31825760405829945]","[-0.06695401242588961, -0.03528053476201515, 0.3160505949792944]","[0.3330892378257242, 0.08263354927085187, -3.4505731605349865e-13]",0.023321569613971,"[-0.06475255593486687, -0.03683209933679828, 0.316349343795836]","-1.0° on alpha, +1.0° on beta","[0.32249970099073444, 0.09398489342777339, -3.6415315207705135e-13]",0.02063066662532854,0.72848463,"{'+1.0° on alpha': 0.51022154, '-1.0° on alpha': 0.5813945, '+1.0° on beta': 0.6040793, '-1.0° on beta': 0.47575185, '+1.0° on alpha, +1.0° on beta': 0.46538737, '-1.0° on alpha, -1.0° on beta': 0.3308514, '+1.0° on alpha, -1.0° on beta': 0.5550564, '-1.0° on alpha, +1.0° on beta': 0.72848463}"
0.6,"[-0.04661674735319048, -0.04647965836822902, 0.31825760405829945]","[-0.06475255593486687, -0.03683209933679828, 0.316349343795836]","[0.32249970099073444, 0.09398489342777339, -3.6415315207705135e-13]",0.02063066662532854,"[-0.06277354687396505, -0.03589075096977238, 0.31732052572693503]","-1.0° on alpha, -1.0° on beta","[0.31186059108291797, 0.08526084389557154, -3.645972412869014e-13]",0.019340249389465068,0.7258096,"{'+1.0° on alpha': 0.52666736, '-1.0° on alpha': 0.7211949, '+1.0° on beta': 0.5606428, '-1.0° on beta': 0.7083967, '+1.0° on alpha, +1.0° on beta': 0.4739678, '-1.0° on alpha, -1.0° on beta': 0.7258096, '+1.0° on alpha, -1.0° on beta': 0.57150203, '-1.0° on alpha, +1.0° on beta': 0.64731735}"
0.7,"[-0.04661674735319048, -0.04647965836822902, 0.31825760405829945]","[-0.06277354687396505, -0.03589075096977238, 0.31732052572693503]","[0.31186059108291797, 0.08526084389557154, -3.645972412869014e-13]",0.019340249389465068,"[-0.06567556030450691, -0.03661308566192808, 0.3160782591424998]","+1.0° on alpha, +1.0° on beta","[0.3262860031633168, 0.09421640082016891, -3.588240815588506e-13]",0.02157167476910431,0.34527028,"{'+1.0° on alpha': 0.29944128, '-1.0° on alpha': 0.21708262, '+1.0° on beta': 0.26626152, '-1.0° on beta': 0.19563898, '+1.0° on alpha, +1.0° on beta': 0.34527028, '-1.0° on alpha, -1.0° on beta': 0.26037696, '+1.0° on alpha, -1.0° on beta': 0.25151107, '-1.0° on alpha, +1.0° on beta': 0.19343674}"
0.8,"[-0.04661674735319048, -0.04647965836822902, 0.31825760405829945]","[-0.06567556030450691, -0.03661308566192808, 0.3160782591424998]","[0.3262860031633168, 0.09421640082016891, -3.588240815588506e-13]",0.02157167476910431,"[-0.06367870952495727, -0.036021722129247286, 0.3169942336549527]","-1.0° on alpha, -1.0° on beta","[0.31563776087467543, 0.08584595318177168, -3.6060043839825084e-13]",0.020051810100473747,0.7491015,"{'+1.0° on alpha': 0.4685258, '-1.0° on alpha': 0.67522407, '+1.0° on beta': 0.51467216, '-1.0° on beta': 0.65205264, '+1.0° on alpha, +1.0° on beta': 0.42369124, '-1.0° on alpha, -1.0° on beta': 0.7491015, '+1.0° on alpha, -1.0° on beta': 0.5133606, '-1.0° on alpha, +1.0° on beta': 0.60134745}"
0.9,"[-0.04661674735319048, -0.04647965836822902, 0.31825760405829945]","[-0.06367870952495727, -0.036021722129247286, 0.3169942336549527]","[0.31563776087467543, 0.08584595318177168, -3.6060043839825084e-13]",0.020051810100473747,"[-0.06636131551641623, -0.03668385879764518, 0.3158173712804126]","+1.0° on alpha, +1.0° on beta","[0.330054065566594, 0.09474727731426658, -3.5349501104064984e-13]",0.022175671290619186,0.70800996,"{'+1.0° on alpha': 0.44441584, '-1.0° on alpha': 0.22153288, '+1.0° on beta': 0.4987225, '-1.0° on beta': 0.25118428, '+1.0° on alpha, +1.0° on beta': 0.70800996, '-1.0° on alpha, -1.0° on beta': 0.19388855, '+1.0° on alpha, -1.0° on beta': 0.3372547, '-1.0° on alpha, +1.0° on beta': 0.27089447}"
0.1,"[-0.04661674735319048, -0.04647965836822902, 0.31825760405829945]","[-0.06636131551641623, -0.03668385879764518, 0.3158173712804126]","[0.330054065566594, 0.09474727731426658, -3.5349501104064984e-13]",0.022175671290619186,"[-0.06440008947237705, -0.03608211301456706, 0.31673259936485604]","-1.0° on alpha, -1.0° on beta","[0.319396738881093, 0.0863831006597251, -3.566036355096003e-13]",0.02065627860057365,0.6855265,"{'+1.0° on alpha': 0.4005571, '-1.0° on alpha': 0.61164945, '+1.0° on beta': 0.45109785, '-1.0° on beta': 0.58408374, '+1.0° on alpha, +1.0° on beta': 0.36076698, '-1.0° on alpha, -1.0° on beta': 0.6855265, '+1.0° on alpha, -1.0° on beta': 0.44539097, '-1.0° on alpha, +1.0° on beta': 0.5377725}"
0.11,"[-0.04661674735319048, -0.04647965836822902, 0.31825760405829945]","[-0.06440008947237705, -0.03608211301456706, 0.31673259936485604]","[0.319396738881093, 0.0863831006597251, -3.566036355096003e-13]",0.02065627860057365,"[-0.06457684765707973, -0.03674810793776847, 0.3164081983907316]",+1.0° on beta,"[0.3212469939618354, 0.09528173809733653, -3.668176873361517e-13]",0.020510694235680856,0.74046576,"{'+1.0° on alpha': 0.6679371, '-1.0° on alpha': 0.28453183, '+1.0° on beta': 0.74046576, '-1.0° on beta': 0.3199689, '+1.0° on alpha, +1.0° on beta': 0.62310266, '-1.0° on alpha, -1.0° on beta': 0.230008, '+1.0° on alpha, -1.0° on beta': 0.4293401, '-1.0° on alpha, +1.0° on beta': 0.5627983}"
0.12,"[-0.04661674735319048, -0.04647965836822902, 0.31825760405829945]","[-0.06457684765707973, -0.03674810793776847, 0.3164081983907316]","[0.3212469939618354, 0.09528173809733653, -3.668176873361517e-13]",0.020510694235680856,"[-0.06247100128163668, -0.037308310365445935, 0.316977112440746]",-1.0° on alpha,"[0.3105358097557258, 0.096876069206139, -3.8680170177940454e-13]",0.01836057326442804,0.74227595,"{'+1.0° on alpha': 0.5510941, '-1.0° on alpha': 0.74227595, '+1.0° on beta': 0.58172387, '-1.0° on beta': 0.72947824, '+1.0° on alpha, +1.0° on beta': 0.495049, '-1.0° on alpha, -1.0° on beta': 0.548589, '+1.0° on alpha, -1.0° on beta': 0.5959289, '-1.0° on alpha, +1.0° on beta': 0.66839874}"
0.13,"[-0.04661674735319048, -0.04647965836822902, 0.31825760405829945]","[-0.06247100128163668, -0.037308310365445935, 0.316977112440746]","[0.3105358097557258, 0.096876069206139, -3.8680170177940454e-13]",0.01836057326442804,"[-0.060184914259321674, -0.03829376662931686, 0.3173574344467114]","-1.0° on alpha, +1.0° on beta","[0.29977534887622115, 0.10692380336091878, -3.779199175824033e-13]",0.015871807776162445,0.7811775,"{'+1.0° on alpha': 0.6817036, '-1.0° on alpha': 0.34005547, '+1.0° on beta': 0.6945021, '-1.0° on beta': 0.37785423, '+1.0° on alpha, +1.0° on beta': 0.6078266, '-1.0° on alpha, -1.0° on beta': 0.23576707, '+1.0° on alpha, -1.0° on beta': 0.7465205, '-1.0° on alpha, +1.0° on beta': 0.7811775}"
0.14,"[-0.04661674735319048, -0.04647965836822902, 0.31825760405829945]","[-0.060184914259321674, -0.03829376662931686, 0.3173574344467114]","[0.29977534887622115, 0.10692380336091878, -3.779199175824033e-13]",0.015871807776162445,"[-0.06322831984877876, -0.03755595472765401, 0.3166585995626821]","+1.0° on alpha, -1.0° on beta","[0.3140797042515633, 0.09842498822132795, -4.192202140984591e-13]",0.01892441922009765,0.76582134,"{'+1.0° on alpha': 0.71632123, '-1.0° on alpha': 0.23900339, '+1.0° on beta': 0.72982776, '-1.0° on beta': 0.27105486, '+1.0° on alpha, +1.0° on beta': 0.6424443, '-1.0° on alpha, -1.0° on beta': 0.19003254, '+1.0° on alpha, -1.0° on beta': 0.76582134, '-1.0° on alpha, +1.0° on beta': 0.74135745}"
0.15,"[-0.04661674735319048, -0.04647965836822902, 0.31825760405829945]","[-0.06322831984877876, -0.03755595472765401, 0.3166585995626821]","[0.3140797042515633, 0.09842498822132795, -4.192202140984591e-13]",0.01892441922009765,"[-0.06118127101514974, -0.03709479897985759, 0.31743192555213917]",-1.0° on alpha,"[0.3033107007457607, 0.09741904781738864, -4.369837824924616e-13]",0.01734597014395014,0.7320112,"{'+1.0° on alpha': 0.558662, '-1.0° on alpha': 0.7320112, '+1.0° on beta': 0.57145953, '-1.0° on beta': 0.7192135, '+1.0° on alpha, +1.0° on beta': 0.4847842, '-1.0° on alpha, -1.0° on beta': 0.6155516, '+1.0° on alpha, -1.0° on beta': 0.6325389, '-1.0° on alpha, +1.0° on beta': 0.658134}"
0.16,"[-0.04661674735319048, -0.04647965836822902, 0.31825760405829945]","[-0.06118127101514974, -0.03709479897985759, 0.31743192555213917]","[0.3033107007457607, 0.09741904781738864, -4.369837824924616e-13]",0.01734597014395014,"[-0.06377406079916541, -0.038477395777959326, 0.31614432931192216]","+1.0° on alpha, +1.0° on beta","[0.3176065383329858, 0.10784959976768738, -4.3209880118411093e-13]",0.019049292412074995,0.77407515,"{'+1.0° on alpha': 0.3239936, '-1.0° on alpha': 0.19676042, '+1.0° on beta': 0.28977665, '-1.0° on beta': 0.19256088, '+1.0° on alpha, +1.0° on beta': 0.77407515, '-1.0° on alpha, -1.0° on beta': 0.24005505, '+1.0° on alpha, -1.0° on beta': 0.27504897, '-1.0° on alpha, +1.0° on beta': 0.21115133}"
0.17,"[-0.04661674735319048, -0.04647965836822902, 0.31825760405829945]","[-0.06377406079916541, -0.038477395777959326, 0.31614432931192216]","[0.3176065383329858, 0.10784959976768738, -4.3209880118411093e-13]",0.019049292412074995,"[-0.06182223970240812, -0.037652709780793645, 0.317088133082307]","-1.0° on alpha, -1.0° on beta","[0.3068290282924311, 0.09929110828341647, -4.32542890393961e-13]",0.017620717389227724,0.5657631,"{'+1.0° on alpha': 0.31869322, '-1.0° on alpha': 0.4918857, '+1.0° on beta': 0.3313332, '-1.0° on beta': 0.47908857, '+1.0° on alpha, +1.0° on beta': 0.28753355, '-1.0° on alpha, -1.0° on beta': 0.5657631, '+1.0° on alpha, -1.0° on beta': 0.39241257, '-1.0° on alpha, +1.0° on beta': 0.4180089}"
0.18,"[-0.04661674735319048, -0.04647965836822902, 0.31825760405829945]","[-0.06182223970240812, -0.037652709780793645, 0.317088133082307]","[0.3068290282924311, 0.09929110828341647, -4.32542890393961e-13]",0.017620717389227724,"[-0.05941584669364349, -0.038356731512268136, 0.3175642715163639]","-1.0° on alpha, +1.0° on beta","[0.2960024004874868, 0.10825101099903645, -4.587441537751147e-13]",0.015174966050959788,0.78131723,"{'+1.0° on alpha': 0.68184286, '-1.0° on alpha': 0.34483445, '+1.0° on beta': 0.69464207, '-1.0° on beta': 0.38262853, '+1.0° on alpha, +1.0° on beta': 0.6079663, '-1.0° on alpha, -1.0° on beta': 0.22948986, '+1.0° on alpha, -1.0° on beta': 0.755721, '-1.0° on alpha, +1.0° on beta': 0.78131723}"
0.19,"[-0.04661674735319048, -0.04647965836822902, 0.31825760405829945]","[-0.05941584669364349, -0.038356731512268136, 0.3175642715163639]","[0.2960024004874868, 0.10825101099903645, -4.587441537751147e-13]",0.015174966050959788,"[-0.06236290458162271, -0.03891062145230661, 0.3164932066482246]",+1.0° on alpha,"[0.31024075969372555, 0.10986858928143928, -4.831690603168681e-13]",0.017559751863787363,0.77368647,"{'+1.0° on alpha': 0.77368647, '-1.0° on alpha': 0.17766902, '+1.0° on beta': 0.6727232, '-1.0° on beta': 0.21084636, '+1.0° on alpha, +1.0° on beta': 0.7372947, '-1.0° on alpha, -1.0° on beta': 0.21802408, '+1.0° on alpha, -1.0° on beta': 0.29661188, '-1.0° on alpha, +1.0° on beta': 0.2217575}"
0.2,"[-0.04661674735319048, -0.04647965836822902, 0.31825760405829945]","[-0.06236290458162271, -0.03891062145230661, 0.3164932066482246]","[0.31024075969372555, 0.10986858928143928, -4.831690603168681e-13]",0.017559751863787363,"[-0.06037387900179793, -0.03760392368123122, 0.31754920992318075]","-1.0° on alpha, -1.0° on beta","[0.29940591424726515, 0.10002538826739693, -4.760636329592671e-13]",0.01638716447960913,0.6092253,"{'+1.0° on alpha': 0.36199802, '-1.0° on alpha': 0.5353477, '+1.0° on beta': 0.3747961, '-1.0° on beta': 0.52255046, '+1.0° on alpha, +1.0° on beta': 0.28812155, '-1.0° on alpha, -1.0° on beta': 0.6092253, '+1.0° on alpha, -1.0° on beta': 0.4358754, '-1.0° on alpha, +1.0° on beta': 0.461471}"
0.21,"[-0.04661674735319048, -0.04647965836822902, 0.31825760405829945]","[-0.06037387900179793, -0.03760392368123122, 0.31754920992318075]","[0.29940591424726515, 0.10002538826739693, -4.760636329592671e-13]",0.01638716447960913,"[-0.06300720547132123, -0.038499921917024234, 0.31637527786146874]","+1.0° on alpha, +1.0° on beta","[0.3136360622351342, 0.10917288775061618, -4.733990977001667e-13]",0.018326659899287695,0.7264073,"{'+1.0° on alpha': 0.322289, '-1.0° on alpha': 0.19883066, '+1.0° on beta': 0.27883095, '-1.0° on beta': 0.18721849, '+1.0° on alpha, +1.0° on beta': 0.7264073, '-1.0° on alpha, -1.0° on beta': 0.243694, '+1.0° on alpha, -1.0° on beta': 0.26805073, '-1.0° on alpha, +1.0° on beta': 0.20148626}"
0.22,"[-0.04661674735319048, -0.04647965836822902, 0.31825760405829945]","[-0.06300720547132123, -0.038499921917024234, 0.31637527786146874]","[0.3136360622351342, 0.10917288775061618, -4.733990977001667e-13]",0.018326659899287695,"[-0.061008676612353936, -0.03785546217014118, 0.3172862387690356]","-1.0° on alpha, -1.0° on beta","[0.30279302464645896, 0.1007998162339363, -4.765077221691172e-13]",0.01680618750309137,0.62358016,"{'+1.0° on alpha': 0.37635326, '-1.0° on alpha': 0.5497033, '+1.0° on beta': 0.3891507, '-1.0° on beta': 0.53690565, '+1.0° on alpha, +1.0° on beta': 0.30247557, '-1.0° on alpha, -1.0° on beta': 0.62358016, '+1.0° on alpha, -1.0° on beta': 0.45023018, '-1.0° on alpha, +1.0° on beta': 0.4758255}"
0.23,"[-0.04661674735319048, -0.04647965836822902, 0.31825760405829945]","[-0.061008676612353936, -0.03785546217014118, 0.3172862387690356]","[0.30279302464645896, 0.1007998162339363, -4.765077221691172e-13]",0.01680618750309137,"[-0.0611427375114401, -0.03852760487014729, 0.31696517889121695]",+1.0° on beta,"[0.304458015844594, 0.1097273189748722, -4.884981308350689e-13]",0.016610536045727934,0.74434173,"{'+1.0° on alpha': 0.7315439, '-1.0° on alpha': 0.24015266, '+1.0° on beta': 0.74434173, '-1.0° on beta': 0.27257544, '+1.0° on alpha, +1.0° on beta': 0.6576656, '-1.0° on alpha, -1.0° on beta': 0.1911825, '+1.0° on alpha, -1.0° on beta': 0.6221594, '-1.0° on alpha, +1.0° on beta': 0.68336236}"
0.24,"[-0.04661674735319048, -0.04647965836822902, 0.31825760405829945]","[-0.0611427375114401, -0.03852760487014729, 0.31696517889121695]","[0.304458015844594, 0.1097273189748722, -4.884981308350689e-13]",0.016610536045727934,"[-0.059017064977180754, -0.03907740011648474, 0.31749645186452724]",-1.0° on alpha,"[0.2935620145268669, 0.1113448345517205, -5.080380560684716e-13]",0.014461696202847174,0.7246143,"{'+1.0° on alpha': 0.5493889, '-1.0° on alpha': 0.7246143, '+1.0° on beta': 0.56218624, '-1.0° on beta': 0.7099405, '+1.0° on alpha, +1.0° on beta': 0.4755118, '-1.0° on alpha, -1.0° on beta': 0.6121026, '+1.0° on alpha, -1.0° on beta': 0.6232662, '-1.0° on alpha, +1.0° on beta': 0.6488608}"
0.25,"[-0.04661674735319048, -0.04647965836822902, 0.31825760405829945]","[-0.059017064977180754, -0.03907740011648474, 0.31749645186452724]","[0.2935620145268669, 0.1113448345517205, -5.080380560684716e-13]",0.014461696202847174,"[-0.05667667296371479, -0.04008559860514025, 0.3178293284085021]","-1.0° on alpha, +1.0° on beta","[0.282617182468063, 0.12141651677902088, -5.018208071305708e-13]",0.011927678884654933,0.78885484,"{'+1.0° on alpha': 0.69391763, '-1.0° on alpha': 0.23777527, '+1.0° on beta': 0.7236005, '-1.0° on beta': 0.2718943, '+1.0° on alpha, +1.0° on beta': 0.6321798, '-1.0° on alpha, -1.0° on beta': 0.1904329, '+1.0° on alpha, -1.0° on beta': 0.7677957, '-1.0° on alpha, +1.0° on beta': 0.78885484}"
0.26,"[-0.04661674735319048, -0.04647965836822902, 0.31825760405829945]","[-0.05667667296371479, -0.04008559860514025, 0.3178293284085021]","[0.282617182468063, 0.12141651677902088, -5.018208071305708e-13]",0.011927678884654933,"[-0.05957451588971206, -0.040487911300100515, 0.316844240834202]",+1.0° on alpha,"[0.2967376172932732, 0.12290131971138463, -5.253575352526241e-13]",0.014345814510780711,0.789597,"{'+1.0° on alpha': 0.789597, '-1.0° on alpha': 0.1755403, '+1.0° on beta': 0.7366552, '-1.0° on beta': 0.19700423, '+1.0° on alpha, +1.0° on beta': 0.7380142, '-1.0° on alpha, -1.0° on beta': 0.21052974, '+1.0° on alpha, -1.0° on beta': 0.38419065, '-1.0° on alpha, +1.0° on beta': 0.18901631}"
0.27,"[-0.04661674735319048, -0.04647965836822902, 0.31825760405829945]","[-0.05957451588971206, -0.040487911300100515, 0.316844240834202]","[0.2967376172932732, 0.12290131971138463, -5.253575352526241e-13]",0.014345814510780711,"[-0.05756381437118306, -0.03921966622161793, 0.31788469949999143]","-1.0° on alpha, -1.0° on beta","[0.28578513092875646, 0.1131098715039145, -5.151434834260726e-13]",0.013140959632952327,0.5282104,"{'+1.0° on alpha': 0.28925404, '-1.0° on alpha': 0.45499256, '+1.0° on beta': 0.293781, '-1.0° on beta': 0.44153467, '+1.0° on alpha, +1.0° on beta': 0.35054567, '-1.0° on alpha, -1.0° on beta': 0.5282104, '+1.0° on alpha, -1.0° on beta': 0.35594794, '-1.0° on alpha, +1.0° on beta': 0.38324437}"
0.28,"[-0.04661674735319048, -0.04647965836822902, 0.31825760405829945]","[-0.05756381437118306, -0.03921966622161793, 0.31788469949999143]","[0.28578513092875646, 0.1131098715039145, -5.151434834260726e-13]",0.013140959632952327,"[-0.060193208183820984, -0.040111327166619304, 0.3167402900469963]","+1.0° on alpha, +1.0° on beta","[0.2998979214846136, 0.12228165798757917, -5.115907697472721e-13]",0.0150724308851604,0.47347102,"{'+1.0° on alpha': 0.27023274, '-1.0° on alpha': 0.22315606, '+1.0° on beta': 0.23269013, '-1.0° on beta': 0.20966247, '+1.0° on alpha, +1.0° on beta': 0.47347102, '-1.0° on alpha, -1.0° on beta': 0.2581455, '+1.0° on alpha, -1.0° on beta': 0.22619888, '-1.0° on alpha, +1.0° on beta': 0.188167}"
0.29,"[-0.04661674735319048, -0.04647965836822902, 0.31825760405829945]","[-0.060193208183820984, -0.040111327166619304, 0.3167402900469963]","[0.2998979214846136, 0.12228165798757917, -5.115907697472721e-13]",0.0150724308851604,"[-0.05816084798516599, -0.03948430593218905, 0.3176370316049608]","-1.0° on alpha, -1.0° on beta","[0.28893780969308835, 0.11393685586326008, -5.120348589571222e-13]",0.013512450750157444,0.5420715,"{'+1.0° on alpha': 0.29777557, '-1.0° on alpha': 0.46819472, '+1.0° on beta': 0.30764216, '-1.0° on beta': 0.4553975, '+1.0° on alpha, +1.0° on beta': 0.25643313, '-1.0° on alpha, -1.0° on beta': 0.5420715, '+1.0° on alpha, -1.0° on beta': 0.36872146, '-1.0° on alpha, +1.0° on beta': 0.39516297}"
0.3,"[-0.04661674735319048, -0.04647965836822902, 0.31825760405829945]","[-0.05816084798516599, -0.03948430593218905, 0.3176370316049608]","[0.28893780969308835, 0.11393685586326008, -5.120348589571222e-13]",0.013512450750157444,"[-0.06101904068438984, -0.037868214279368984, 0.3172460460113757]","+1.0° on alpha, -1.0° on beta","[0.3030430047716228, 0.1029722054529838, -5.52891066263328e-13]",0.016810897423271853,0.7904862,"{'+1.0° on alpha': 0.72174233, '-1.0° on alpha': 0.20724908, '+1.0° on beta': 0.7615809, '-1.0° on beta': 0.24756, '+1.0° on alpha, +1.0° on beta': 0.6701608, '-1.0° on alpha, -1.0° on beta': 0.17926916, '+1.0° on alpha, -1.0° on beta': 0.7904862, '-1.0° on alpha, +1.0° on beta': 0.47053212}"
0.31,"[-0.04661674735319048, -0.04647965836822902, 0.31825760405829945]","[-0.06101904068438984, -0.037868214279368984, 0.3172460460113757]","[0.3030430047716228, 0.1029722054529838, -5.52891066263328e-13]",0.016810897423271853,"[-0.058823446869247134, -0.038892475057820015, 0.31758322762311875]","-1.0° on alpha, +1.0° on beta","[0.29207531390783137, 0.11227587150029361, -5.728750807065808e-13]",0.014388316344776888,0.8151057,"{'+1.0° on alpha': 0.71563315, '-1.0° on alpha': 0.2489104, '+1.0° on beta': 0.7284302, '-1.0° on beta': 0.2832365, '+1.0° on alpha, +1.0° on beta': 0.6417557, '-1.0° on alpha, -1.0° on beta': 0.19993952, '+1.0° on alpha, -1.0° on beta': 0.7296916, '-1.0° on alpha, +1.0° on beta': 0.8151057}"
0.32,"[-0.04661674735319048, -0.04647965836822902, 0.31825760405829945]","[-0.058823446869247134, -0.038892475057820015, 0.31758322762311875]","[0.29207531390783137, 0.11227587150029361, -5.728750807065808e-13]",0.014388316344776888,"[-0.058844238909436616, -0.040531442921362806, 0.31704329268960496]",+1.0° on beta,"[0.2936159594871244, 0.1237892087211594, -5.941913627793838e-13]",0.013651643449070485,0.79312456,"{'+1.0° on alpha': 0.75635076, '-1.0° on alpha': 0.19084632, '+1.0° on beta': 0.79312456, '-1.0° on beta': 0.22782794, '+1.0° on alpha, +1.0° on beta': 0.70170224, '-1.0° on alpha, -1.0° on beta': 0.19914332, '+1.0° on alpha, -1.0° on beta': 0.51150304, '-1.0° on alpha, +1.0° on beta': 0.23493445}"
0.33,"[-0.04661674735319048, -0.04647965836822902, 0.31825760405829945]","[-0.058844238909436616, -0.040531442921362806, 0.31704329268960496]","[0.2936159594871244, 0.1237892087211594, -5.941913627793838e-13]",0.013651643449070485,"[-0.05682771521598282, -0.039576285758487074, 0.31799650848961336]","-1.0° on alpha, -1.0° on beta","[0.28259589829177756, 0.11509308890576975, -5.893063814710331e-13]",0.012328365219277894,0.6045763,"{'+1.0° on alpha': 0.34354928, '-1.0° on alpha': 0.51913756, '+1.0° on beta': 0.3563461, '-1.0° on beta': 0.504101, '+1.0° on alpha, +1.0° on beta': 0.26967186, '-1.0° on alpha, -1.0° on beta': 0.6045763, '+1.0° on alpha, -1.0° on beta': 0.41742596, '-1.0° on alpha, +1.0° on beta': 0.4473904}"
0.34,"[-0.04661674735319048, -0.04647965836822902, 0.31825760405829945]","[-0.05682771521598282, -0.039576285758487074, 0.31799650848961336]","[0.28259589829177756, 0.11509308890576975, -5.893063814710331e-13]",0.012328365219277894,"[-0.054675407199982394, -0.03802099695021204, 0.31910232649953146]","-1.0° on alpha, -1.0° on beta","[0.27152731137543595, 0.10417659991437445, -6.137312880127865e-13]",0.011713432780942836,0.3133029,"{'+1.0° on alpha': 0.24081013, '-1.0° on alpha': 0.26289886, '+1.0° on beta': 0.20325652, '-1.0° on beta': 0.2294862, '+1.0° on alpha, +1.0° on beta': 0.27798414, '-1.0° on alpha, -1.0° on beta': 0.3133029, '+1.0° on alpha, -1.0° on beta': 0.19832325, '-1.0° on alpha, +1.0° on beta': 0.21249723}"
0.35,"[-0.04661674735319048, -0.04647965836822902, 0.31825760405829945]","[-0.054675407199982394, -0.03802099695021204, 0.31910232649953146]","[0.27152731137543595, 0.10417659991437445, -6.137312880127865e-13]",0.011713432780942836,"[-0.05497405137503649, -0.039056326073294914, 0.31866713016571907]",+1.0° on beta,"[0.2729672951527351, 0.11346918080920743, -6.150635556423367e-13]",0.011185620434613068,0.64248574,"{'+1.0° on alpha': 0.6192048, '-1.0° on alpha': 0.59254605, '+1.0° on beta': 0.64248574, '-1.0° on beta': 0.5871805, '+1.0° on alpha, +1.0° on beta': 0.60952514, '-1.0° on alpha, -1.0° on beta': 0.55791986, '+1.0° on alpha, -1.0° on beta': 0.604945, '-1.0° on alpha, +1.0° on beta': 0.6208658}"
0.36,"[-0.04661674735319048, -0.04647965836822902, 0.31825760405829945]","[-0.05497405137503649, -0.039056326073294914, 0.31866713016571907]","[0.2729672951527351, 0.11346918080920743, -6.150635556423367e-13]",0.011185620434613068,"[-0.052666115554253316, -0.04066960433837801, 0.31879153856106884]","-1.0° on alpha, +1.0° on beta","[0.26184682494292355, 0.12498021871029552, -6.443734434924409e-13]",0.008404562422581306,0.6152158,"{'+1.0° on alpha': 0.41772556, '-1.0° on alpha': 0.5867864, '+1.0° on beta': 0.55103487, '-1.0° on beta': 0.565755, '+1.0° on alpha, +1.0° on beta': 0.38273627, '-1.0° on alpha, -1.0° on beta': 0.5507393, '+1.0° on alpha, -1.0° on beta': 0.46309093, '-1.0° on alpha, +1.0° on beta': 0.6152158}"
0.37,"[-0.04661674735319048, -0.04647965836822902, 0.31825760405829945]","[-0.052666115554253316, -0.04066960433837801, 0.31879153856106884]","[0.26184682494292355, 0.12498021871029552, -6.443734434924409e-13]",0.008404562422581306,"[-0.0527917347568874, -0.0419960412189269, 0.3182820873991859]",+1.0° on beta,"[0.26323505402049063, 0.13620024627343064, -6.266098750984384e-13]",0.007631113392638891,0.6177933,"{'+1.0° on alpha': 0.5582174, '-1.0° on alpha': 0.5451694, '+1.0° on beta': 0.6177933, '-1.0° on beta': 0.57750386, '+1.0° on alpha, +1.0° on beta': 0.5363409, '-1.0° on alpha, -1.0° on beta': 0.5599548, '+1.0° on alpha, -1.0° on beta': 0.59252024, '-1.0° on alpha, +1.0° on beta': 0.5360518}"
